{"cameraMode":{"drawMode":0,"name":"Shaded","section":"Shading Mode"},"sceneLighting":true,"audioPlay":false,"sceneViewState":{"showFog":true,"showMaterialUpdate":false,"showSkybox":true,"showFlares":true,"showImageEffects":true,"showParticleSystems":true},"in2DMode":false,"pivot":{"x":-1.5972559452056885,"y":-0.7666711807250977,"z":1.0656061172485352},"rotation":{"x":-0.28865280747413638,"y":0.5887451767921448,"z":-0.23707365989685059,"w":-0.7168409824371338},"size":16.140840530395509,"orthographic":false}