{"cameraMode":{"drawMode":0,"name":"Shaded","section":"Shading Mode"},"sceneLighting":false,"audioPlay":false,"sceneViewState":{"showFog":true,"showMaterialUpdate":false,"showSkybox":true,"showFlares":true,"showImageEffects":true,"showParticleSystems":true},"in2DMode":false,"pivot":{"x":-1.210066318511963,"y":-0.0876859575510025,"z":0.05845730006694794},"rotation":{"x":-0.030697721987962724,"y":0.9644708633422852,"z":-0.12983189523220063,"w":-0.2280614823102951},"size":1.0900518894195557,"orthographic":false}